{
"meta":{"test_sets":[],"test_metrics":[],"learn_metrics":[{"best_value":"Min","name":"Logloss"}],"launch_mode":"Train","parameters":"","iteration_count":300,"learn_sets":["learn"],"name":"experiment"},
"iterations":[
{"learn":[0.6896243794],"iteration":0,"passed_time":0.02717679362,"remaining_time":8.125861291},
{"learn":[0.6858870396],"iteration":1,"passed_time":0.04947948006,"remaining_time":7.372442529},
{"learn":[0.6827696452],"iteration":2,"passed_time":0.07215817908,"remaining_time":7.143659729},
{"learn":[0.6797144579],"iteration":3,"passed_time":0.0949678701,"remaining_time":7.027622388},
{"learn":[0.6769412653],"iteration":4,"passed_time":0.1162268339,"remaining_time":6.857383202},
{"learn":[0.6743698446],"iteration":5,"passed_time":0.1334208247,"remaining_time":6.537620412},
{"learn":[0.6713610197],"iteration":6,"passed_time":0.146903436,"remaining_time":6.148958106},
{"learn":[0.6688677379],"iteration":7,"passed_time":0.1631909173,"remaining_time":5.95646848},
{"learn":[0.6667306827],"iteration":8,"passed_time":0.1802039915,"remaining_time":5.826595726},
{"learn":[0.6643063802],"iteration":9,"passed_time":0.1944285155,"remaining_time":5.638426949},
{"learn":[0.6623432707],"iteration":10,"passed_time":0.2109860159,"remaining_time":5.543178053},
{"learn":[0.6604527437],"iteration":11,"passed_time":0.2266884218,"remaining_time":5.440522123},
{"learn":[0.6586259432],"iteration":12,"passed_time":0.2409340288,"remaining_time":5.31908202},
{"learn":[0.6567794344],"iteration":13,"passed_time":0.2549140172,"remaining_time":5.207529208},
{"learn":[0.6553336913],"iteration":14,"passed_time":0.267386315,"remaining_time":5.080339985},
{"learn":[0.6534379549],"iteration":15,"passed_time":0.2846171232,"remaining_time":5.051953937},
{"learn":[0.6520545927],"iteration":16,"passed_time":0.2976060634,"remaining_time":4.954265644},
{"learn":[0.6505479446],"iteration":17,"passed_time":0.3107927633,"remaining_time":4.869086626},
{"learn":[0.6484902003],"iteration":18,"passed_time":0.3253927997,"remaining_time":4.812388249},
{"learn":[0.6469688795],"iteration":19,"passed_time":0.3415114145,"remaining_time":4.781159803},
{"learn":[0.6461278012],"iteration":20,"passed_time":0.3600469778,"remaining_time":4.783481277},
{"learn":[0.6449240282],"iteration":21,"passed_time":0.379087385,"remaining_time":4.790286047},
{"learn":[0.6436942957],"iteration":22,"passed_time":0.3970092934,"remaining_time":4.781372794},
{"learn":[0.6421079025],"iteration":23,"passed_time":0.4113157776,"remaining_time":4.730131442},
{"learn":[0.6408918443],"iteration":24,"passed_time":0.4260680662,"remaining_time":4.686748728},
{"learn":[0.6396901116],"iteration":25,"passed_time":0.4407098632,"remaining_time":4.644403943},
{"learn":[0.6383077912],"iteration":26,"passed_time":0.4608734795,"remaining_time":4.65994296},
{"learn":[0.6371353171],"iteration":27,"passed_time":0.4834919223,"remaining_time":4.696778674},
{"learn":[0.6349014564],"iteration":28,"passed_time":0.5050809512,"remaining_time":4.719894406},
{"learn":[0.6338263955],"iteration":29,"passed_time":0.526011931,"remaining_time":4.734107379},
{"learn":[0.6325753919],"iteration":30,"passed_time":0.5474738678,"remaining_time":4.750660336},
{"learn":[0.6317258919],"iteration":31,"passed_time":0.569739779,"remaining_time":4.771570649},
{"learn":[0.6307268862],"iteration":32,"passed_time":0.5919072051,"remaining_time":4.789067387},
{"learn":[0.6293482123],"iteration":33,"passed_time":0.6131986938,"remaining_time":4.797378016},
{"learn":[0.6282536166],"iteration":34,"passed_time":0.6330366702,"remaining_time":4.792991931},
{"learn":[0.6269552087],"iteration":35,"passed_time":0.6532163533,"remaining_time":4.790253258},
{"learn":[0.6257386296],"iteration":36,"passed_time":0.674645462,"remaining_time":4.795452879},
{"learn":[0.6248290061],"iteration":37,"passed_time":0.6943169414,"remaining_time":4.787132596},
{"learn":[0.6236105169],"iteration":38,"passed_time":0.7158044189,"remaining_time":4.790383419},
{"learn":[0.6222883634],"iteration":39,"passed_time":0.7347277725,"remaining_time":4.775730521},
{"learn":[0.6215704406],"iteration":40,"passed_time":0.7545698178,"remaining_time":4.766672752},
{"learn":[0.6205044959],"iteration":41,"passed_time":0.7740264026,"remaining_time":4.754733616},
{"learn":[0.6194477108],"iteration":42,"passed_time":0.7933610999,"remaining_time":4.741716341},
{"learn":[0.6178967841],"iteration":43,"passed_time":0.8140150681,"remaining_time":4.736087669},
{"learn":[0.6166762112],"iteration":44,"passed_time":0.834588648,"remaining_time":4.729335672},
{"learn":[0.6155772311],"iteration":45,"passed_time":0.8601550009,"remaining_time":4.749551527},
{"learn":[0.6143519265],"iteration":46,"passed_time":0.8834679563,"remaining_time":4.755689212},
{"learn":[0.6134130443],"iteration":47,"passed_time":0.9022351536,"remaining_time":4.736734556},
{"learn":[0.6125795628],"iteration":48,"passed_time":0.9241612837,"remaining_time":4.733969025},
{"learn":[0.6115864174],"iteration":49,"passed_time":0.9457497268,"remaining_time":4.728748634},
{"learn":[0.6107866225],"iteration":50,"passed_time":0.9628105478,"remaining_time":4.70078091},
{"learn":[0.6097533659],"iteration":51,"passed_time":0.9834361112,"remaining_time":4.690233761},
{"learn":[0.6090637467],"iteration":52,"passed_time":1.005380789,"remaining_time":4.685453868},
{"learn":[0.6083071886],"iteration":53,"passed_time":1.026153022,"remaining_time":4.6746971},
{"learn":[0.6076098424],"iteration":54,"passed_time":1.048568857,"remaining_time":4.670897635},
{"learn":[0.6068116103],"iteration":55,"passed_time":1.062826839,"remaining_time":4.630888369},
{"learn":[0.6060582645],"iteration":56,"passed_time":1.077931703,"remaining_time":4.595393052},
{"learn":[0.6055359494],"iteration":57,"passed_time":1.091018613,"remaining_time":4.552181111},
{"learn":[0.6044825504],"iteration":58,"passed_time":1.103915156,"remaining_time":4.509212756},
{"learn":[0.6034650084],"iteration":59,"passed_time":1.117008817,"remaining_time":4.468035267},
{"learn":[0.6026869186],"iteration":60,"passed_time":1.129875976,"remaining_time":4.426891117},
{"learn":[0.6019129095],"iteration":61,"passed_time":1.143300934,"remaining_time":4.388800358},
{"learn":[0.6008037714],"iteration":62,"passed_time":1.16100759,"remaining_time":4.367599981},
{"learn":[0.5996493561],"iteration":63,"passed_time":1.180250826,"remaining_time":4.352174921},
{"learn":[0.5985788533],"iteration":64,"passed_time":1.196356397,"remaining_time":4.325288514},
{"learn":[0.5976044179],"iteration":65,"passed_time":1.215420056,"remaining_time":4.309216562},
{"learn":[0.5969100236],"iteration":66,"passed_time":1.229868091,"remaining_time":4.277003959},
{"learn":[0.5962710211],"iteration":67,"passed_time":1.244261612,"remaining_time":4.245127851},
{"learn":[0.5953750285],"iteration":68,"passed_time":1.257743317,"remaining_time":4.210705886},
{"learn":[0.5944977024],"iteration":69,"passed_time":1.278615528,"remaining_time":4.201165306},
{"learn":[0.5932122308],"iteration":70,"passed_time":1.300696975,"remaining_time":4.195205735},
{"learn":[0.5923891244],"iteration":71,"passed_time":1.322499793,"remaining_time":4.187916012},
{"learn":[0.5915943216],"iteration":72,"passed_time":1.345161527,"remaining_time":4.182899542},
{"learn":[0.590603998],"iteration":73,"passed_time":1.363074051,"remaining_time":4.162901831},
{"learn":[0.5897279308],"iteration":74,"passed_time":1.381215926,"remaining_time":4.143647777},
{"learn":[0.5888784742],"iteration":75,"passed_time":1.398442159,"remaining_time":4.121724259},
{"learn":[0.5881570786],"iteration":76,"passed_time":1.415927495,"remaining_time":4.100673134},
{"learn":[0.5875291024],"iteration":77,"passed_time":1.436363424,"remaining_time":4.088111283},
{"learn":[0.5869322081],"iteration":78,"passed_time":1.4579656,"remaining_time":4.078612627},
{"learn":[0.585848031],"iteration":79,"passed_time":1.478715039,"remaining_time":4.066466358},
{"learn":[0.5852911177],"iteration":80,"passed_time":1.499930799,"remaining_time":4.055368456},
{"learn":[0.5845175427],"iteration":81,"passed_time":1.520885192,"remaining_time":4.043328925},
{"learn":[0.5835181029],"iteration":82,"passed_time":1.54621203,"remaining_time":4.042506151},
{"learn":[0.5828216683],"iteration":83,"passed_time":1.566323908,"remaining_time":4.027690049},
{"learn":[0.5817198665],"iteration":84,"passed_time":1.5847367,"remaining_time":4.008451653},
{"learn":[0.5811046096],"iteration":85,"passed_time":1.60075543,"remaining_time":3.98327514},
{"learn":[0.580263401],"iteration":86,"passed_time":1.619380034,"remaining_time":3.964689049},
{"learn":[0.5797719074],"iteration":87,"passed_time":1.638158043,"remaining_time":3.946471648},
{"learn":[0.5792854059],"iteration":88,"passed_time":1.654341664,"remaining_time":3.922090911},
{"learn":[0.5783601547],"iteration":89,"passed_time":1.67539558,"remaining_time":3.909256354},
{"learn":[0.5775238949],"iteration":90,"passed_time":1.694386697,"remaining_time":3.891503513},
{"learn":[0.5769144549],"iteration":91,"passed_time":1.714495914,"remaining_time":3.876251633},
{"learn":[0.5762913407],"iteration":92,"passed_time":1.736603962,"remaining_time":3.865344303},
{"learn":[0.5755149874],"iteration":93,"passed_time":1.75560886,"remaining_time":3.84739814},
{"learn":[0.5747744043],"iteration":94,"passed_time":1.776048917,"remaining_time":3.83252661},
{"learn":[0.5738725947],"iteration":95,"passed_time":1.796633335,"remaining_time":3.817845837},
{"learn":[0.5729356226],"iteration":96,"passed_time":1.821579713,"remaining_time":3.812171978},
{"learn":[0.5724849782],"iteration":97,"passed_time":1.843857626,"remaining_time":3.800604494},
{"learn":[0.5717238186],"iteration":98,"passed_time":1.863839829,"remaining_time":3.784159652},
{"learn":[0.5709583613],"iteration":99,"passed_time":1.885139554,"remaining_time":3.770279108},
{"learn":[0.570116545],"iteration":100,"passed_time":1.908334105,"remaining_time":3.759985018},
{"learn":[0.5692832372],"iteration":101,"passed_time":1.927510614,"remaining_time":3.74163825},
{"learn":[0.5688463539],"iteration":102,"passed_time":1.943249569,"remaining_time":3.716700632},
{"learn":[0.5683402744],"iteration":103,"passed_time":1.962926331,"remaining_time":3.699361162},
{"learn":[0.5678555094],"iteration":104,"passed_time":1.977603874,"remaining_time":3.672692908},
{"learn":[0.5670819778],"iteration":105,"passed_time":1.99916435,"remaining_time":3.658847962},
{"learn":[0.56637252],"iteration":106,"passed_time":2.023219367,"remaining_time":3.649358298},
{"learn":[0.5658437802],"iteration":107,"passed_time":2.049421457,"remaining_time":3.643415923},
{"learn":[0.5652459743],"iteration":108,"passed_time":2.072951839,"remaining_time":3.632420195},
{"learn":[0.5644614164],"iteration":109,"passed_time":2.095644673,"remaining_time":3.61974989},
{"learn":[0.5640450663],"iteration":110,"passed_time":2.119664924,"remaining_time":3.609159194},
{"learn":[0.5636466882],"iteration":111,"passed_time":2.144447237,"remaining_time":3.599607861},
{"learn":[0.5629437421],"iteration":112,"passed_time":2.169067462,"remaining_time":3.58951872},
{"learn":[0.5620217032],"iteration":113,"passed_time":2.194038684,"remaining_time":3.579747327},
{"learn":[0.561243353],"iteration":114,"passed_time":2.216173215,"remaining_time":3.565148216},
{"learn":[0.5600730494],"iteration":115,"passed_time":2.238043876,"remaining_time":3.550000631},
{"learn":[0.5594518018],"iteration":116,"passed_time":2.253901336,"remaining_time":3.525332858},
{"learn":[0.5590525989],"iteration":117,"passed_time":2.267004749,"remaining_time":3.496566647},
{"learn":[0.5580673543],"iteration":118,"passed_time":2.279830749,"remaining_time":3.467641727},
{"learn":[0.5576288649],"iteration":119,"passed_time":2.292601976,"remaining_time":3.438902965},
{"learn":[0.5570771609],"iteration":120,"passed_time":2.306853901,"remaining_time":3.41261858},
{"learn":[0.556079935],"iteration":121,"passed_time":2.323312484,"remaining_time":3.389751001},
{"learn":[0.555436331],"iteration":122,"passed_time":2.340185537,"remaining_time":3.367584065},
{"learn":[0.5545837489],"iteration":123,"passed_time":2.356128309,"remaining_time":3.344182116},
{"learn":[0.5540297442],"iteration":124,"passed_time":2.375696594,"remaining_time":3.325975232},
{"learn":[0.5534372777],"iteration":125,"passed_time":2.391518459,"remaining_time":3.30257311},
{"learn":[0.5527087628],"iteration":126,"passed_time":2.407136856,"remaining_time":3.279013198},
{"learn":[0.5517349352],"iteration":127,"passed_time":2.419969326,"remaining_time":3.251833781},
{"learn":[0.5511300967],"iteration":128,"passed_time":2.434282891,"remaining_time":3.226840111},
{"learn":[0.5506023988],"iteration":129,"passed_time":2.447030664,"remaining_time":3.199963175},
{"learn":[0.5499303175],"iteration":130,"passed_time":2.463659304,"remaining_time":3.178308567},
{"learn":[0.5493804367],"iteration":131,"passed_time":2.486676387,"remaining_time":3.164860857},
{"learn":[0.5488575139],"iteration":132,"passed_time":2.509798241,"remaining_time":3.151400799},
{"learn":[0.5482115657],"iteration":133,"passed_time":2.532164867,"remaining_time":3.136860955},
{"learn":[0.5477384347],"iteration":134,"passed_time":2.554867644,"remaining_time":3.122616009},
{"learn":[0.5467448119],"iteration":135,"passed_time":2.573941842,"remaining_time":3.103871045},
{"learn":[0.5457248389],"iteration":136,"passed_time":2.610264115,"remaining_time":3.105642707},
{"learn":[0.5451137494],"iteration":137,"passed_time":2.636040694,"remaining_time":3.094482554},
{"learn":[0.5445894374],"iteration":138,"passed_time":2.658189348,"remaining_time":3.078909965},
{"learn":[0.5440480217],"iteration":139,"passed_time":2.68084821,"remaining_time":3.063826526},
{"learn":[0.543663752],"iteration":140,"passed_time":2.704384063,"remaining_time":3.049624581},
{"learn":[0.5428939103],"iteration":141,"passed_time":2.72600875,"remaining_time":3.033164666},
{"learn":[0.542535383],"iteration":142,"passed_time":2.747518686,"remaining_time":3.016506529},
{"learn":[0.5419814217],"iteration":143,"passed_time":2.768952957,"remaining_time":2.999699036},
{"learn":[0.5414442602],"iteration":144,"passed_time":2.789511243,"remaining_time":2.981891329},
{"learn":[0.5411093048],"iteration":145,"passed_time":2.809745242,"remaining_time":2.963703885},
{"learn":[0.5405167516],"iteration":146,"passed_time":2.831909551,"remaining_time":2.947497696},
{"learn":[0.5396208024],"iteration":147,"passed_time":2.855160708,"remaining_time":2.932327213},
{"learn":[0.5390594179],"iteration":148,"passed_time":2.874747724,"remaining_time":2.913334942},
{"learn":[0.5382554555],"iteration":149,"passed_time":2.896049529,"remaining_time":2.896049529},
{"learn":[0.53758103],"iteration":150,"passed_time":2.918104697,"remaining_time":2.879454304},
{"learn":[0.5369868706],"iteration":151,"passed_time":2.937684572,"remaining_time":2.860377083},
{"learn":[0.5362412519],"iteration":152,"passed_time":2.952995347,"remaining_time":2.837191608},
{"learn":[0.5356744411],"iteration":153,"passed_time":2.967289344,"remaining_time":2.813144443},
{"learn":[0.5351627182],"iteration":154,"passed_time":2.982673322,"remaining_time":2.790242785},
{"learn":[0.5345779788],"iteration":155,"passed_time":3.00400268,"remaining_time":2.772925551},
{"learn":[0.5339663249],"iteration":156,"passed_time":3.027480006,"remaining_time":2.757513636},
{"learn":[0.5331057118],"iteration":157,"passed_time":3.04903574,"remaining_time":2.740272627},
{"learn":[0.5325313476],"iteration":158,"passed_time":3.072567923,"remaining_time":2.724730045},
{"learn":[0.5320824397],"iteration":159,"passed_time":3.095130596,"remaining_time":2.708239272},
{"learn":[0.5312177894],"iteration":160,"passed_time":3.114059894,"remaining_time":2.688536182},
{"learn":[0.5304135666],"iteration":161,"passed_time":3.131846218,"remaining_time":2.667869},
{"learn":[0.5299238962],"iteration":162,"passed_time":3.149926197,"remaining_time":2.647483982},
{"learn":[0.5293961114],"iteration":163,"passed_time":3.176442597,"remaining_time":2.634123129},
{"learn":[0.5288712785],"iteration":164,"passed_time":3.193040455,"remaining_time":2.612487645},
{"learn":[0.5284883545],"iteration":165,"passed_time":3.209774494,"remaining_time":2.591022784},
{"learn":[0.5278527815],"iteration":166,"passed_time":3.226186767,"remaining_time":2.569358323},
{"learn":[0.5268960142],"iteration":167,"passed_time":3.239308887,"remaining_time":2.545171268},
{"learn":[0.5264102073],"iteration":168,"passed_time":3.254019067,"remaining_time":2.522346141},
{"learn":[0.5260502041],"iteration":169,"passed_time":3.268649226,"remaining_time":2.49955529},
{"learn":[0.5254413285],"iteration":170,"passed_time":3.281725937,"remaining_time":2.475687988},
{"learn":[0.5246091059],"iteration":171,"passed_time":3.294702388,"remaining_time":2.451871545},
{"learn":[0.5241536863],"iteration":172,"passed_time":3.308785735,"remaining_time":2.428992996},
{"learn":[0.5237318232],"iteration":173,"passed_time":3.327902656,"remaining_time":2.409860544},
{"learn":[0.5231068857],"iteration":174,"passed_time":3.372740087,"remaining_time":2.409100062},
{"learn":[0.522462891],"iteration":175,"passed_time":3.399886559,"remaining_time":2.395374621},
{"learn":[0.521931069],"iteration":176,"passed_time":3.423365957,"remaining_time":2.378949224},
{"learn":[0.5212783054],"iteration":177,"passed_time":3.446580699,"remaining_time":2.362263175},
{"learn":[0.5209024573],"iteration":178,"passed_time":3.470434872,"remaining_time":2.345936422},
{"learn":[0.5205396758],"iteration":179,"passed_time":3.494389675,"remaining_time":2.329593116},
{"learn":[0.5200471403],"iteration":180,"passed_time":3.518373782,"remaining_time":2.313184973},
{"learn":[0.5195025123],"iteration":181,"passed_time":3.541626229,"remaining_time":2.296219203},
{"learn":[0.5188831313],"iteration":182,"passed_time":3.566150326,"remaining_time":2.279997749},
{"learn":[0.5182950493],"iteration":183,"passed_time":3.590652875,"remaining_time":2.263672465},
{"learn":[0.5178625072],"iteration":184,"passed_time":3.614921695,"remaining_time":2.247113486},
{"learn":[0.517447416],"iteration":185,"passed_time":3.637383153,"remaining_time":2.229363868},
{"learn":[0.516668979],"iteration":186,"passed_time":3.660138124,"remaining_time":2.211741219},
{"learn":[0.5163142718],"iteration":187,"passed_time":3.680842367,"remaining_time":2.192842261},
{"learn":[0.5157821026],"iteration":188,"passed_time":3.701520738,"remaining_time":2.173909005},
{"learn":[0.5154328651],"iteration":189,"passed_time":3.725161639,"remaining_time":2.156672528},
{"learn":[0.5149575636],"iteration":190,"passed_time":3.745067901,"remaining_time":2.137237703},
{"learn":[0.5143054512],"iteration":191,"passed_time":3.766735443,"remaining_time":2.118788687},
{"learn":[0.5136612828],"iteration":192,"passed_time":3.787995341,"remaining_time":2.100080319},
{"learn":[0.5129949317],"iteration":193,"passed_time":3.81075187,"remaining_time":2.082163393},
{"learn":[0.512592994],"iteration":194,"passed_time":3.828734907,"remaining_time":2.061626489},
{"learn":[0.5122460139],"iteration":195,"passed_time":3.847348475,"remaining_time":2.041450211},
{"learn":[0.5113533639],"iteration":196,"passed_time":3.864748418,"remaining_time":2.020655264},
{"learn":[0.510586257],"iteration":197,"passed_time":3.885071893,"remaining_time":2.001400672},
{"learn":[0.5097242114],"iteration":198,"passed_time":3.901859011,"remaining_time":1.980340503},
{"learn":[0.5093376843],"iteration":199,"passed_time":3.919307079,"remaining_time":1.959653539},
{"learn":[0.5089462085],"iteration":200,"passed_time":3.941906587,"remaining_time":1.94153608},
{"learn":[0.5079897016],"iteration":201,"passed_time":3.960405964,"remaining_time":1.921385071},
{"learn":[0.5074472007],"iteration":202,"passed_time":3.980200036,"remaining_time":1.901868983},
{"learn":[0.5066563917],"iteration":203,"passed_time":4.003213053,"remaining_time":1.883864966},
{"learn":[0.5057706439],"iteration":204,"passed_time":4.025850024,"remaining_time":1.865637816},
{"learn":[0.5050758156],"iteration":205,"passed_time":4.048371798,"remaining_time":1.847315286},
{"learn":[0.5043273318],"iteration":206,"passed_time":4.069552862,"remaining_time":1.828349836},
{"learn":[0.5038158693],"iteration":207,"passed_time":4.088449682,"remaining_time":1.808352744},
{"learn":[0.5032588259],"iteration":208,"passed_time":4.10687951,"remaining_time":1.788162849},
{"learn":[0.5025366923],"iteration":209,"passed_time":4.127830217,"remaining_time":1.769070093},
{"learn":[0.5020493227],"iteration":210,"passed_time":4.14866771,"remaining_time":1.749911972},
{"learn":[0.5012768763],"iteration":211,"passed_time":4.170592087,"remaining_time":1.731189168},
{"learn":[0.5006630953],"iteration":212,"passed_time":4.191408773,"remaining_time":1.711983865},
{"learn":[0.5003131633],"iteration":213,"passed_time":4.211710028,"remaining_time":1.692556366},
{"learn":[0.4999723909],"iteration":214,"passed_time":4.233273458,"remaining_time":1.673619739},
{"learn":[0.4994801159],"iteration":215,"passed_time":4.254401797,"remaining_time":1.654489588},
{"learn":[0.498973255],"iteration":216,"passed_time":4.276502886,"remaining_time":1.635713085},
{"learn":[0.4984106984],"iteration":217,"passed_time":4.298499001,"remaining_time":1.616866597},
{"learn":[0.4979132575],"iteration":218,"passed_time":4.320025843,"remaining_time":1.597817778},
{"learn":[0.4972429126],"iteration":219,"passed_time":4.340705268,"remaining_time":1.578438279},
{"learn":[0.4965647973],"iteration":220,"passed_time":4.361519176,"remaining_time":1.55909509},
{"learn":[0.4956841286],"iteration":221,"passed_time":4.383889996,"remaining_time":1.540285674},
{"learn":[0.4948875894],"iteration":222,"passed_time":4.405394114,"remaining_time":1.521145053},
{"learn":[0.4941962773],"iteration":223,"passed_time":4.426387692,"remaining_time":1.50181011},
{"learn":[0.4930894833],"iteration":224,"passed_time":4.447247073,"remaining_time":1.482415691},
{"learn":[0.4924469211],"iteration":225,"passed_time":4.469005421,"remaining_time":1.46330266},
{"learn":[0.4917109396],"iteration":226,"passed_time":4.489816598,"remaining_time":1.443861725},
{"learn":[0.490805006],"iteration":227,"passed_time":4.511451798,"remaining_time":1.424668989},
{"learn":[0.4902635469],"iteration":228,"passed_time":4.532816656,"remaining_time":1.405371103},
{"learn":[0.4894735627],"iteration":229,"passed_time":4.553667792,"remaining_time":1.385898893},
{"learn":[0.4886622205],"iteration":230,"passed_time":4.574724738,"remaining_time":1.36647622},
{"learn":[0.4881331334],"iteration":231,"passed_time":4.596104896,"remaining_time":1.347134194},
{"learn":[0.4869813661],"iteration":232,"passed_time":4.61785444,"remaining_time":1.32788089},
{"learn":[0.4864702076],"iteration":233,"passed_time":4.638193612,"remaining_time":1.308208455},
{"learn":[0.4859216291],"iteration":234,"passed_time":4.660118352,"remaining_time":1.288968906},
{"learn":[0.4854705073],"iteration":235,"passed_time":4.684985549,"remaining_time":1.270504556},
{"learn":[0.4846404552],"iteration":236,"passed_time":4.706480982,"remaining_time":1.251089881},
{"learn":[0.4840780288],"iteration":237,"passed_time":4.727872326,"remaining_time":1.231630606},
{"learn":[0.4836312914],"iteration":238,"passed_time":4.750239347,"remaining_time":1.212404185},
{"learn":[0.4829593403],"iteration":239,"passed_time":4.770290999,"remaining_time":1.19257275},
{"learn":[0.482452653],"iteration":240,"passed_time":4.78534355,"remaining_time":1.171515641},
{"learn":[0.4816016771],"iteration":241,"passed_time":4.800843176,"remaining_time":1.150615307},
{"learn":[0.4810767574],"iteration":242,"passed_time":4.813719738,"remaining_time":1.129144136},
{"learn":[0.4806142186],"iteration":243,"passed_time":4.82922855,"remaining_time":1.108347536},
{"learn":[0.479891347],"iteration":244,"passed_time":4.851861237,"remaining_time":1.089193339},
{"learn":[0.4794134843],"iteration":245,"passed_time":4.872011433,"remaining_time":1.069465924},
{"learn":[0.4787990087],"iteration":246,"passed_time":4.893877799,"remaining_time":1.050103333},
{"learn":[0.4781933021],"iteration":247,"passed_time":4.914333422,"remaining_time":1.03042475},
{"learn":[0.4774541516],"iteration":248,"passed_time":4.933078787,"remaining_time":1.010389631},
{"learn":[0.4767645324],"iteration":249,"passed_time":4.956273975,"remaining_time":0.9912547949},
{"learn":[0.4761344291],"iteration":250,"passed_time":4.973885642,"remaining_time":0.9709975954},
{"learn":[0.4754475883],"iteration":251,"passed_time":4.996357799,"remaining_time":0.9516871998},
{"learn":[0.4744423314],"iteration":252,"passed_time":5.01449366,"remaining_time":0.9315462531},
{"learn":[0.473680564],"iteration":253,"passed_time":5.033161479,"remaining_time":0.9115174332},
{"learn":[0.4733545078],"iteration":254,"passed_time":5.049364571,"remaining_time":0.8910643361},
{"learn":[0.4728585429],"iteration":255,"passed_time":5.064328674,"remaining_time":0.8704314908},
{"learn":[0.4722421573],"iteration":256,"passed_time":5.084850799,"remaining_time":0.8507727017},
{"learn":[0.471764338],"iteration":257,"passed_time":5.106957913,"remaining_time":0.8313652417},
{"learn":[0.4711216022],"iteration":258,"passed_time":5.130409142,"remaining_time":0.8121497097},
{"learn":[0.4704612417],"iteration":259,"passed_time":5.148405071,"remaining_time":0.7920623186},
{"learn":[0.4697239145],"iteration":260,"passed_time":5.165698907,"remaining_time":0.7718860436},
{"learn":[0.4691385239],"iteration":261,"passed_time":5.183088248,"remaining_time":0.7517456237},
{"learn":[0.4681796729],"iteration":262,"passed_time":5.199946023,"remaining_time":0.7315513416},
{"learn":[0.4674096576],"iteration":263,"passed_time":5.215707261,"remaining_time":0.7112328084},
{"learn":[0.4668218794],"iteration":264,"passed_time":5.229131882,"remaining_time":0.6906400599},
{"learn":[0.4663804815],"iteration":265,"passed_time":5.242863233,"remaining_time":0.6701404133},
{"learn":[0.4659507176],"iteration":266,"passed_time":5.255762531,"remaining_time":0.6495886274},
{"learn":[0.4652650923],"iteration":267,"passed_time":5.272735065,"remaining_time":0.6295803062},
{"learn":[0.4647348331],"iteration":268,"passed_time":5.290808906,"remaining_time":0.6097214724},
{"learn":[0.4641959352],"iteration":269,"passed_time":5.30804906,"remaining_time":0.5897832289},
{"learn":[0.4635968269],"iteration":270,"passed_time":5.323233602,"remaining_time":0.5696449242},
{"learn":[0.4628521633],"iteration":271,"passed_time":5.339544864,"remaining_time":0.5496590301},
{"learn":[0.4622763665],"iteration":272,"passed_time":5.358794016,"remaining_time":0.5299906169},
{"learn":[0.4617075154],"iteration":273,"passed_time":5.375334815,"remaining_time":0.5100682671},
{"learn":[0.4611855042],"iteration":274,"passed_time":5.393394781,"remaining_time":0.4903086165},
{"learn":[0.4607675045],"iteration":275,"passed_time":5.413304648,"remaining_time":0.4707221433},
{"learn":[0.4602347275],"iteration":276,"passed_time":5.430337056,"remaining_time":0.4508944126},
{"learn":[0.459881887],"iteration":277,"passed_time":5.448827296,"remaining_time":0.4312021601},
{"learn":[0.4591780292],"iteration":278,"passed_time":5.465345172,"remaining_time":0.4113700667},
{"learn":[0.4585737117],"iteration":279,"passed_time":5.484273433,"remaining_time":0.3917338166},
{"learn":[0.4579944421],"iteration":280,"passed_time":5.50545224,"remaining_time":0.3722547778},
{"learn":[0.457233977],"iteration":281,"passed_time":5.530851221,"remaining_time":0.3530330567},
{"learn":[0.4567726103],"iteration":282,"passed_time":5.54928577,"remaining_time":0.3333493218},
{"learn":[0.4558219638],"iteration":283,"passed_time":5.568878273,"remaining_time":0.313739621},
{"learn":[0.4551449772],"iteration":284,"passed_time":5.591478388,"remaining_time":0.2942883362},
{"learn":[0.4542638309],"iteration":285,"passed_time":5.612383182,"remaining_time":0.2747320439},
{"learn":[0.4539169811],"iteration":286,"passed_time":5.633468698,"remaining_time":0.2551745403},
{"learn":[0.4535243766],"iteration":287,"passed_time":5.655475928,"remaining_time":0.2356448303},
{"learn":[0.4530830655],"iteration":288,"passed_time":5.676990979,"remaining_time":0.2160792414},
{"learn":[0.4525082237],"iteration":289,"passed_time":5.699481686,"remaining_time":0.1965338512},
{"learn":[0.4520011891],"iteration":290,"passed_time":5.724704335,"remaining_time":0.1770527114},
{"learn":[0.4513126118],"iteration":291,"passed_time":5.749238413,"remaining_time":0.1575133812},
{"learn":[0.4504727056],"iteration":292,"passed_time":5.77517282,"remaining_time":0.1379734121},
{"learn":[0.4498735539],"iteration":293,"passed_time":5.799574458,"remaining_time":0.1183586624},
{"learn":[0.449180679],"iteration":294,"passed_time":5.824458097,"remaining_time":0.09871962877},
{"learn":[0.448346199],"iteration":295,"passed_time":5.847330434,"remaining_time":0.07901797884},
{"learn":[0.4478035244],"iteration":296,"passed_time":5.87008851,"remaining_time":0.05929382334},
{"learn":[0.4474467336],"iteration":297,"passed_time":5.891502636,"remaining_time":0.03954028615},
{"learn":[0.4466892204],"iteration":298,"passed_time":5.912351056,"remaining_time":0.01977374935},
{"learn":[0.4462748673],"iteration":299,"passed_time":5.933088571,"remaining_time":0}
]}